IB_soll_mA;UCE_ist_V;IC_ist_mA
0.200;0.1174;3.4562
0.200;0.1176;3.4539
0.200;0.3680;6.3790
0.200;0.4708;6.5095
0.200;0.5743;6.5736
0.200;0.8746;6.6239
0.200;1.1746;6.6537
0.200;1.4752;6.6674
0.200;1.7755;6.6789
0.200;2.0753;6.6903
0.200;2.3756;6.6995
0.200;2.6754;6.7109
0.200;2.9760;6.7201
0.200;3.2756;6.7292
0.200;3.5754;6.7384
0.200;3.8755;6.7453
0.400;0.0712;3.9025
0.400;0.0714;3.9071
0.400;0.3667;17.5441
0.400;0.4720;17.7340
0.400;0.5743;17.8073
0.400;0.8737;17.8851
0.400;1.1746;17.9309
0.400;1.4754;17.9606
0.400;1.7750;17.9973
0.400;2.0751;18.0293
0.400;2.3754;18.0545
0.400;2.6752;18.0819
0.400;2.9755;18.1048
0.400;3.2756;18.1254
0.400;3.5752;18.1506
0.400;3.8750;18.1758
0.600;0.0538;4.0879
0.600;0.0540;4.1016
0.600;0.3671;31.2039
0.600;0.4717;31.4122
0.600;0.5743;31.4878
0.600;0.8737;31.5930
0.600;0.9737;31.6205
0.600;1.2742;31.6938
0.600;1.5740;31.7578
0.600;1.8743;31.8105
0.600;2.1744;31.8677
0.600;2.4745;31.9181
0.600;2.7745;31.9661
0.600;3.0739;32.0142
0.600;3.3749;32.0508
0.600;3.6745;32.0920
0.600;3.9748;32.1286
0.800;0.0437;4.2298
0.800;0.0510;5.6146
0.800;0.1321;27.7958
0.800;0.2557;46.3539
0.800;0.3680;48.0888
0.800;0.4713;48.3246
0.800;0.5734;48.4184
0.800;0.8748;48.5763
0.800;0.9728;48.6221
0.800;1.2728;48.7274
0.800;1.3731;48.7572
0.800;1.6736;48.8487
0.800;1.9734;48.9425
0.800;2.2733;49.0249
0.800;2.5740;49.0913
0.800;2.8732;49.1623
0.800;3.1735;49.2172
0.800;3.4736;49.2653
0.800;3.7741;49.2973
